{"cython_dask": [5.843537333072163, 5.670900708064437, 5.693164374912158, 5.69733879098203, 5.682632999960333, 5.683621916919947, 5.670849916990846, 5.698027083068155, 5.713529250002466, 5.696400208980776, 5.675090417033061, 5.673045458039269, 5.70642649999354, 5.721410917001776, 5.708417957997881, 5.722806124947965, 5.716071041999385, 5.715775333927013, 5.694505125051364, 5.695227749994956], "cython": [1.8078463750425726, 1.7991770419757813, 1.798312500002794, 1.7935889589134604, 1.7928943340666592, 1.7936635829973966, 1.7896745830075815, 1.789315166999586, 1.7924764170311391, 1.7919062919681892, 1.8130091670900583, 1.8682045420864597, 1.7943571249488741, 1.7903912089532241, 1.7865957089234143, 1.7870142919709906, 1.787134167039767, 1.7875237910775468, 1.7826254999963567, 1.7890795840648934], "default": [2.9116126250009984, 2.8997241250472143, 2.89724829106126, 2.924298583995551, 2.906165499938652, 2.9130837499396876, 2.996874208911322, 2.924327041953802, 3.0309777499642223, 3.028890874935314, 3.017229332937859, 2.926436666981317, 3.03689566696994, 2.887949459021911, 2.9187331669963896, 3.127164416015148, 2.932940833037719, 3.0463916250737384, 3.0489416669588536, 2.9411843749694526], "torch_mps": [17.460257624974474, 17.312903749989346, 17.29530724999495, 17.326774457935244, 17.342652167077176, 17.318532333010808, 17.327856500050984, 17.306516082957387, 17.339234916027635, 17.32084612501785, 17.323071041959338, 17.32465462491382, 17.327982541988604, 17.33755745808594, 17.32399837509729, 17.341513708932325, 17.323625541990623, 17.329190332908183, 17.337799291010015, 17.29298754199408], "dask": [7.081310957903042, 6.850465959054418, 6.855148833012208, 6.860299375024624, 6.85450941696763, 6.88991533301305, 6.876844541053288, 6.887321582995355, 6.89322591596283, 6.889664125046693, 6.880488166934811, 6.923730583046563, 6.881243124953471, 6.929131207987666, 6.8849235830130056, 6.869833417003974, 6.878169207950123, 6.871773833059706, 6.849603540962562, 6.872424916946329]}