{"cython_dask": [5.769975500064902, 5.6241224580444396, 5.605448791990057, 5.619908416992985, 5.62643774994649, 5.650068875052966, 5.5924931660993025, 5.628207125002518, 5.638338583055884, 5.628421750036068, 5.642367749940604, 5.620687957969494, 5.629055250086822, 5.6446430830983445, 5.6906228750012815, 5.610797457979061, 5.64526791695971, 5.6136529999785125, 5.644057082943618, 5.641226832987741], "cython": [1.7900696661090478, 1.79604875005316, 1.7886500420281664, 1.7837949999375269, 1.7866250419756398, 1.7785239579388872, 1.7863207499030977, 1.7860506670549512, 1.7816477079177275, 1.7868946669623256, 1.7841320839943364, 1.7878912079613656, 1.7862618340877816, 1.7885984170716256, 1.780792749952525, 1.7886043330654502, 1.7834578750189394, 1.7815001249546185, 1.7838067919947207, 1.7928347080014646], "default": [2.925954374950379, 2.901452749967575, 2.9010825420264155, 3.0018998340237886, 2.9237898340215907, 3.0225330410758033, 2.961742000072263, 2.9644463339354843, 2.966394165996462, 3.0290652089752257, 2.9495191250462085, 3.0418139999965206, 3.029267332982272, 3.0021539999870583, 2.913841833011247, 3.0279685839777812, 3.0231384999351576, 3.0361540419980884, 3.027010374935344, 2.932983124977909], "torch_mps": [18.773334542056546, 18.120082915993407, 17.898432208923623, 17.896157959010452, 17.889457792043686, 17.890944875078276, 17.89839483401738, 18.00496466702316, 17.898490957915783, 17.9038560410263, 17.90825241699349, 17.847184250014834, 17.881888499949127, 17.87421187502332, 17.88255325006321, 17.878892875043675, 17.87763987504877, 17.906539999996312, 17.89559166703839, 17.91381391696632], "dask": [6.761764375027269, 6.754871707991697, 6.753769916947931, 6.755236166995019, 6.751099749933928, 6.760163291939534, 6.745475042029284, 6.7640357500640675, 6.768672124948353, 6.7779884589836, 6.779013708932325, 6.824246458010748, 6.785392541089095, 6.781678166938946, 6.774514999939129, 6.774507874972187, 6.7792674580123276, 6.76454725000076, 6.78552470903378, 6.7869791249977425]}