Macbook Air (noGPU), 2**4, ..., 2**10, N=3, tEnd = 0.1s
[4.12682945e-06, 2.82851509e-05, 2.87202675e-04, 4.62396811e-03, 1.08565917e-01, 3.26654147e+00, 1.05220198e+02]

Google Colab NO GPU, 2**4, ..., 2**10, N=3, tEnd = 0.1s
[2.6181e-04, 7.7943e-04, 5.9743e-03, 5.0694e-02, 6.6716e-01, 1.5944e+01, 4.2580e+02]

Google Colab NO GPU, 2**4, ..., 2**10, N=3, tEnd = 256 iterations
[1.39078105e-03, 3.74760714e-03, 1.30814976e-02, 9.77528672e-02, 8.71553468e-01, 1.04152231e+01, 1.43319990e+02]

Google Colab With GPU, 2**4, ..., 2**10, N=3, tEnd = 0.1s
[7.2519e-04, 1.3657e-03, 5.9638e-03, 2.4870e-02, 1.4589e-01, 9.6252e-01, 2.2244e+01]

Google Colab With GPU, 2**4, ..., 2**10, N=3, tEnd = 256 iterations
[3.7745e-03, 7.4135e-03, 2.4392e-02, 4.2025e-02, 1.0932e-01, 6.2538e-01, 8.4068e+00]