Macbook Air (baseline benchmark), 2**4, ..., 2**10, N=3, tEnd = 256 iterations
[0.06273317, 0.07764285, 0.13479832, 0.36281343, 1.38195608, 6.00546406, 29.00729133]

Macbook Air (dask), 2**4, ..., 2**10, N=3, tEnd = 256 iterations
[0.48807631, 0.554035, 0.62355225, 0.85751908, 1.72211189, 7.72396924, 36.2255344]

Macbook Air (cython), 2**4, ..., 2**10, N=3, tEnd = 256 iterations
[0.04825463, 0.05819958, 0.09835089, 0.24178517, 0.89203914, 3.72730593, 17.08468867]

Macbook Air m1gpu (torch), 2**5, ..., 2**12, N=3, tEnd = 256 iterations
[2.4943, 2.6036, 2.6901, 2.6627, 3.2372, 16.0080, 66.9563, 262.0508]

Google Colab NO GPU, 2**4, ..., 2**10, N=3, tEnd = 256 iterations
[1.53179673, 1.53811932, 1.61198598, 2.45895291, 7.93281146, 31.82661883, 150.10271399]

Google Colab With GPU, 2**4, ..., 2**12, N=3, tEnd = 256 iterations
[1.8893, 1.4385, 1.4069, 1.4556, 2.1378, 3.3768, 8.5547, 33.9086, 131.9917]

Macbook Pro (baseline benchmark), 2**5, ..., 2**12, N=3, tEnd = 256 iterations
[8.39499580e-02, 1.48597334e-01, 4.13450195e-01, 1.54879474e+00, 6.80613208e+00, 2.91244473e+01, 2.07594952e+02, 8.25890252e+02]

Macbook Pro (dask), 2**5, ..., 2**12, N=3, tEnd = 256 iterations
[0.56476908,   0.68364637,   0.95509778,   1.8998761,    6.44783811, 23.43153089, 123.50528556, 483.67777446]

Macbook Pro (cython), 2**5, ..., 2**12, N=3, tEnd = 256 iterations
[6.51034030e-02, 1.05412833e-01, 2.57549167e-01, 1.05769446e+00, 4.02322717e+00, 1.72108557e+01, 1.29203993e+02, 5.07835946e+02]

Macbook Pro (cython + dask), 2**5, ..., 2**12, N=3, tEnd = 256 iterations
[0.53706646,   0.56078451,   0.79523136,   1.39823129,   4.72460328, 15.88043772,  77.46793522, 296.93671167]

Macbook Pro (MPS GPU PyTorch), 2**5, ..., 2**12, N=3, tEnd = 256 iterations
[2.34905328, 2.42914114,  2.41929667,  2.76244899,  2.5385459,   5.39078251, 25.66523169, 92.87822497]