Google Colab NO GPU, 2**4, ..., 2**10, N=1, tEnd = 0.1
[6.48270580e-02, 7.32393130e-02, 1.20906021e-01, 5.00646930e-01, 4.68782819e+00, 4.40253566e+01, 3.78000432e+02]

Macbook Air (noGPU), 2**4, ..., 2**10, N=3, tEnd = 0.1
[4.12682945e-06, 2.82851509e-05, 2.87202675e-04, 4.62396811e-03, 1.08565917e-01, 3.26654147e+00, 1.05220198e+02]

Google Colab NO GPU, 2**4, ..., 2**10, N=3, tEnd = 0.1
[2.6181e-04, 7.7943e-04, 5.9743e-03, 5.0694e-02, 6.6716e-01, 1.5944e+01, 4.2580e+02]

Google Colab With GPU, 2**4, ..., 2**10, N=3, tEnd = 0.1
[7.2519e-04, 1.3657e-03, 5.9638e-03, 2.4870e-02, 1.4589e-01, 9.6252e-01, 2.2244e+01]