Time: avg, var, std
[np.float64(2.2508714050083656), np.float64(0.0010711793623448937), np.float64(0.03272887658238354)][np.float64(2.2508714050083656), np.float64(0.0010711793623448937), np.float64(0.03272887658238354)]